variant,ap,recall,precision,acc,FP,FN
XGB only,0.9936279211847683,0.9662790697674418,0.9651567944250871,0.9938477580813347,30,29
+Stack (no LGBM/LSTM),0.975314477812787,0.9848837209302326,0.9176598049837487,0.9907194994786236,76,13
+LGBM,0.973933918351612,0.9848837209302326,0.9186550976138829,0.9908237747653806,75,13
+LSTM,0.9751330168085001,0.986046511627907,0.9187432286023836,0.9909280500521377,75,12
