variant,ap,recall,precision,acc,FP,FN
XGB only,0.9962338638160249,0.9928263988522238,0.9857549857549858,0.9960861056751468,20,10
+Stack (no LGBM/LSTM),0.990732330102178,0.9935437589670014,0.9829666430092264,0.9956947162426615,24,9
+LGBM,0.991277857748788,0.994261119081779,0.9829787234042553,0.9958251793868232,24,8
+LSTM,0.9886611318436511,0.994261119081779,0.9822820694542878,0.9956947162426615,25,8
